id,name,designation
101,Montana Davenport,Manager
102,Kasper Pruitt,Developer
103,Amena Wall,Tester
104,Zenia Cooper,Manager
105,Kato Chan,Manager
106,Priscilla Hopkins,Tester
107,Gabriel Horn,Tester
108,Phelan Miranda,Manager
109,Isaiah Moss,Developer
110,Quon Daniel,Manager
111,Oscar Parrish,Business Analyst
112,Leonard Saunders,Tester
113,Tarik Hansen,Business Analyst
114,Sloane Norman,Tester
115,Melinda Buck,Manager
116,Zelenia Landry,Developer
117,Donovan Kemp,Business Analyst
118,Lyle Ayers,Business Analyst
119,Brandon Owen,Manager
120,Odessa Mercer,Tester
121,Elliott Lucas,Manager
122,Gisela Gill,Manager
123,Abigail Riddle,Developer
124,Cherokee Patel,Business Analyst
125,Lacota Paul,Developer
126,Dahlia Britt,Manager
127,Len Rojas,Tester
128,Amy Richard,Developer
129,Rhoda Roth,Business Analyst
130,Nina Rodgers,Manager
131,Trevor Wagner,Tester
132,Richard Hubbard,Tester
133,Leandra Cervantes,Manager
134,Maggie Austin,Tester
135,Shaeleigh Parsons,Business Analyst
136,Colin Ayers,Manager
137,Deborah Cervantes,Tester
138,Noel Espinoza,Developer
139,Herman Valdez,Manager
140,Kibo Sexton,Business Analyst
141,Kadeem Bond,Developer
142,Adele Simmons,Manager
143,Brendan Maxwell,Manager
144,Quinn Bender,Business Analyst
145,Cassandra Jensen,Tester
146,Robin Gibson,Developer
147,Steven Hester,Tester
148,Kasper Ware,Tester
149,Quintessa Patterson,Business Analyst
150,Tallulah Pope,Developer
151,Malik Prince,Developer
152,Kennedy Rush,Business Analyst
153,Dale West,Business Analyst
154,Allistair Camacho,Tester
155,Constance Figueroa,Tester
156,Anjolie Lucas,Tester
157,Mona King,Manager
158,Jacob Cote,Business Analyst
159,Tallulah Hogan,Developer
160,Hakeem Mcneil,Developer
161,Levi Evans,Business Analyst
162,Rowan Kramer,Manager
163,Cameron Boyd,Manager
164,Magee Carter,Manager
165,McKenzie Odonnell,Manager
166,Marshall Valenzuela,Manager
167,Deborah Osborn,Business Analyst
168,Audrey Anthony,Business Analyst
169,Wesley Graham,Developer
170,Cruz Burnett,Tester
171,Lilah Elliott,Business Analyst
172,Madison Cantu,Manager
173,Martin Ayers,Developer
174,Eden Burt,Tester
175,Boris English,Manager
176,Gil Huber,Business Analyst
177,Uta Bradshaw,Manager
178,Merritt Lowery,Developer
179,Medge Webster,Business Analyst
180,Ali Mosley,Developer
181,Galena Valdez,Tester
182,Leila Nguyen,Business Analyst
183,Christopher Witt,Developer
184,Ray Mason,Developer
185,Jacob Caldwell,Manager
186,Kenyon Mcguire,Tester
187,Jasmine Barnes,Developer
188,Veda Palmer,Manager
189,Bryar Montoya,Business Analyst
190,Tatum Barlow,Business Analyst
191,Mechelle Francis,Manager
192,Martin Morin,Manager
193,Uta Frazier,Developer
194,Isaac Campos,Tester
195,Shaeleigh Wilcox,Developer
196,Tucker Hamilton,Developer
197,Kelly Johnson,Manager
198,Athena Gilbert,Business Analyst
199,Joan Sherman,Developer
200,Heather Stein,Business Analystid,name,designation
101,Ryder Nichols,Tester
102,Quamar Rogers,Manager
103,Aileen Nelson,Tester
104,Kiayada Quinn,Developer
105,Belle Mccray,Tester
106,Raja Berger,Manager
107,Cole Joseph,Business Analyst
108,Madison Hurley,Business Analyst
109,Frances Horn,Tester
110,Iona Oneil,Manager
111,Brett Stokes,Business Analyst
112,Leroy Coffey,Tester
113,Yoko Schroeder,Tester
114,Otto Henderson,Tester
115,Imogene Fields,Manager
116,Kim Hernandez,Business Analyst
117,Lester Cohen,Developer
118,Hammett Bishop,Manager
119,Gannon Weeks,Business Analyst
120,Demetria Durham,Tester
121,Timon Blevins,Manager
122,Chester Parks,Manager
123,Cynthia Ware,Tester
124,Blaine Bradford,Tester
125,Dacey Salas,Developer
126,Roanna Gonzalez,Tester
127,Evangeline Kelly,Developer
128,Darrel Mccullough,Tester
129,Tara Bush,Business Analyst
130,Colton Clark,Manager
131,Cora Pena,Developer
132,Jada Cochran,Business Analyst
133,Janna Stephens,Developer
134,Brandon Strickland,Developer
135,Wyatt Bowers,Developer
136,Phoebe Everett,Tester
137,Leslie Fuller,Business Analyst
138,Eve Roberts,Tester
139,Brennan Nunez,Tester
140,Jeanette Marsh,Tester
141,Nicole Carey,Developer
142,Noah Barber,Business Analyst
143,Palmer Sims,Tester
144,Amity Reid,Manager
145,Claudia Hutchinson,Tester
146,Guinevere Houston,Tester
147,Akeem Hinton,Manager
148,Melvin Huffman,Business Analyst
149,Lucius Marquez,Business Analyst
150,Garrison Hicks,Tester
151,Alexandra Velez,Business Analyst
152,Kyra Cooper,Developer
153,Yen Byrd,Business Analyst
154,Hall Pratt,Manager
155,Raya Burke,Developer
156,Holly Crane,Business Analyst
157,Ulysses Daniels,Business Analyst
158,Myra Ross,Manager
159,Jamal Hammond,Business Analyst
160,Nicholas Richard,Manager
161,Louis Singleton,Manager
162,Jasmine Wynn,Tester
163,Brock Hartman,Manager
164,Graiden Charles,Business Analyst
165,Belle Ford,Developer
166,Maisie Fuentes,Developer
167,Echo Mullen,Manager
168,Odysseus England,Developer
169,Travis Kirkland,Developer
170,Demetrius Rios,Tester
171,Melvin Vasquez,Business Analyst
172,Vincent Cox,Tester
173,Morgan Paul,Tester
174,Madeline Perry,Developer
175,Marah Wheeler,Tester
176,Julie Marquez,Tester
177,Kelsie Figueroa,Manager
178,Quinn Vinson,Business Analyst
179,Hilary Douglas,Manager
180,Gay Wiley,Tester
181,Lydia Maldonado,Manager
182,Kellie Booker,Tester
183,Jaden Gamble,Business Analyst
184,Tad Lewis,Developer
185,Leo Ware,Manager
186,Hayes Hogan,Developer
187,Murphy Ray,Manager
188,Murphy Hobbs,Developer
189,Armand Newman,Business Analyst
190,Fay Meyer,Business Analyst
191,Erin Kim,Business Analyst
192,Myra Ball,Business Analyst
193,Jesse Webster,Manager
194,Leila Spence,Developer
195,Xaviera Gillespie,Developer
196,Dennis Hopkins,Tester
197,Tanisha Drake,Tester
198,Abraham Sampson,Business Analyst
199,Tatyana Watson,Manager
200,Quincy Church,Business Analyst